system,threshold,slice_dimension,slice_value,queries,P@1,Hit@5,MRR,gNDCG@5,shared_idcg
chem_prompt_graph,grade>=1,answerability,retrievable,45,0.644444,0.866667,0.743815,0.368216,True
chem_prompt_graph,grade>=1,answerability,unanswerable,13,0.076923,0.230769,0.164288,0.118467,True
chem_prompt_graph,grade>=2,answerability,retrievable,45,0.355556,0.8,0.527328,0.368216,True
chem_prompt_graph,grade>=2,answerability,unanswerable,13,0.0,0.0,0.0,0.118467,True
chem_prompt_graph,grade>=3,answerability,retrievable,45,0.244444,0.688889,0.429392,0.368216,True
chem_prompt_graph,grade>=3,answerability,unanswerable,13,0.0,0.0,0.0,0.118467,True
chem_prompt_hypergraph,grade>=1,answerability,retrievable,45,0.555556,0.733333,0.643762,0.262738,True
chem_prompt_hypergraph,grade>=1,answerability,unanswerable,13,0.230769,0.230769,0.245807,0.129793,True
chem_prompt_hypergraph,grade>=2,answerability,retrievable,45,0.288889,0.577778,0.411734,0.262738,True
chem_prompt_hypergraph,grade>=2,answerability,unanswerable,13,0.0,0.0,0.0,0.129793,True
chem_prompt_hypergraph,grade>=3,answerability,retrievable,45,0.266667,0.488889,0.356914,0.262738,True
chem_prompt_hypergraph,grade>=3,answerability,unanswerable,13,0.0,0.0,0.0,0.129793,True
normalized_final,grade>=1,answerability,retrievable,45,0.622222,0.911111,0.753668,0.460802,True
normalized_final,grade>=1,answerability,unanswerable,13,0.076923,0.307692,0.178571,0.13283,True
normalized_final,grade>=2,answerability,retrievable,45,0.422222,0.866667,0.603711,0.460802,True
normalized_final,grade>=2,answerability,unanswerable,13,0.0,0.0,0.0,0.13283,True
normalized_final,grade>=3,answerability,retrievable,45,0.244444,0.733333,0.466005,0.460802,True
normalized_final,grade>=3,answerability,unanswerable,13,0.0,0.0,0.0,0.13283,True
normalized_final_no_rerank,grade>=1,answerability,retrievable,45,0.622222,0.911111,0.754286,0.45687,True
normalized_final_no_rerank,grade>=1,answerability,unanswerable,13,0.076923,0.307692,0.178571,0.13283,True
normalized_final_no_rerank,grade>=2,answerability,retrievable,45,0.422222,0.844444,0.603588,0.45687,True
normalized_final_no_rerank,grade>=2,answerability,unanswerable,13,0.0,0.0,0.0,0.13283,True
normalized_final_no_rerank,grade>=3,answerability,retrievable,45,0.222222,0.711111,0.455299,0.45687,True
normalized_final_no_rerank,grade>=3,answerability,unanswerable,13,0.0,0.0,0.0,0.13283,True
original_hypergraph,grade>=1,answerability,retrievable,45,0.444444,0.711111,0.536933,0.209521,True
original_hypergraph,grade>=1,answerability,unanswerable,13,0.0,0.153846,0.083585,0.068354,True
original_hypergraph,grade>=2,answerability,retrievable,45,0.244444,0.6,0.359465,0.209521,True
original_hypergraph,grade>=2,answerability,unanswerable,13,0.0,0.076923,0.019231,0.068354,True
original_hypergraph,grade>=3,answerability,retrievable,45,0.177778,0.466667,0.278579,0.209521,True
original_hypergraph,grade>=3,answerability,unanswerable,13,0.0,0.0,0.0,0.068354,True
chem_prompt_graph,grade>=1,difficulty,compositional,36,0.444444,0.694444,0.545702,0.27822,True
chem_prompt_graph,grade>=1,difficulty,high_order,14,0.714286,0.785714,0.784014,0.37885,True
chem_prompt_graph,grade>=1,difficulty,simple,8,0.5,0.75,0.623246,0.348748,True
chem_prompt_graph,grade>=2,difficulty,compositional,36,0.194444,0.555556,0.319127,0.27822,True
chem_prompt_graph,grade>=2,difficulty,high_order,14,0.428571,0.714286,0.565847,0.37885,True
chem_prompt_graph,grade>=2,difficulty,simple,8,0.375,0.75,0.539912,0.348748,True
chem_prompt_graph,grade>=3,difficulty,compositional,36,0.138889,0.472222,0.265959,0.27822,True
chem_prompt_graph,grade>=3,difficulty,high_order,14,0.214286,0.642857,0.403645,0.37885,True
chem_prompt_graph,grade>=3,difficulty,simple,8,0.375,0.625,0.512135,0.348748,True
chem_prompt_hypergraph,grade>=1,difficulty,compositional,36,0.444444,0.527778,0.502289,0.224496,True
chem_prompt_hypergraph,grade>=1,difficulty,high_order,14,0.5,0.642857,0.577314,0.209114,True
chem_prompt_hypergraph,grade>=1,difficulty,simple,8,0.625,1.0,0.75,0.312638,True
chem_prompt_hypergraph,grade>=2,difficulty,compositional,36,0.166667,0.388889,0.259613,0.224496,True
chem_prompt_hypergraph,grade>=2,difficulty,high_order,14,0.285714,0.428571,0.371726,0.209114,True
chem_prompt_hypergraph,grade>=2,difficulty,simple,8,0.375,0.75,0.497222,0.312638,True
chem_prompt_hypergraph,grade>=3,difficulty,compositional,36,0.166667,0.333333,0.237331,0.224496,True
chem_prompt_hypergraph,grade>=3,difficulty,high_order,14,0.214286,0.357143,0.261607,0.209114,True
chem_prompt_hypergraph,grade>=3,difficulty,simple,8,0.375,0.625,0.481837,0.312638,True
normalized_final,grade>=1,difficulty,compositional,36,0.444444,0.694444,0.553638,0.330403,True
normalized_final,grade>=1,difficulty,high_order,14,0.571429,0.928571,0.728175,0.478904,True
normalized_final,grade>=1,difficulty,simple,8,0.625,0.875,0.763889,0.48296,True
normalized_final,grade>=2,difficulty,compositional,36,0.194444,0.555556,0.334346,0.330403,True
normalized_final,grade>=2,difficulty,high_order,14,0.571429,0.857143,0.67996,0.478904,True
normalized_final,grade>=2,difficulty,simple,8,0.5,0.875,0.701389,0.48296,True
normalized_final,grade>=3,difficulty,compositional,36,0.111111,0.472222,0.270469,0.330403,True
normalized_final,grade>=3,difficulty,high_order,14,0.285714,0.642857,0.480159,0.478904,True
normalized_final,grade>=3,difficulty,simple,8,0.375,0.875,0.563889,0.48296,True
normalized_final_no_rerank,grade>=1,difficulty,compositional,36,0.444444,0.694444,0.553638,0.326007,True
normalized_final_no_rerank,grade>=1,difficulty,high_order,14,0.571429,0.928571,0.729167,0.483787,True
normalized_final_no_rerank,grade>=1,difficulty,simple,8,0.625,0.875,0.765625,0.472085,True
normalized_final_no_rerank,grade>=2,difficulty,compositional,36,0.194444,0.527778,0.332031,0.326007,True
normalized_final_no_rerank,grade>=2,difficulty,high_order,14,0.571429,0.857143,0.684524,0.483787,True
normalized_final_no_rerank,grade>=2,difficulty,simple,8,0.5,0.875,0.703125,0.472085,True
normalized_final_no_rerank,grade>=3,difficulty,compositional,36,0.111111,0.444444,0.270204,0.326007,True
normalized_final_no_rerank,grade>=3,difficulty,high_order,14,0.285714,0.642857,0.481151,0.483787,True
normalized_final_no_rerank,grade>=3,difficulty,simple,8,0.25,0.875,0.503125,0.472085,True
original_hypergraph,grade>=1,difficulty,compositional,36,0.333333,0.583333,0.422776,0.193214,True
original_hypergraph,grade>=1,difficulty,high_order,14,0.428571,0.642857,0.502664,0.195402,True
original_hypergraph,grade>=1,difficulty,simple,8,0.25,0.5,0.373918,0.078215,True
original_hypergraph,grade>=2,difficulty,compositional,36,0.194444,0.5,0.276389,0.193214,True
original_hypergraph,grade>=2,difficulty,high_order,14,0.285714,0.5,0.379793,0.195402,True
original_hypergraph,grade>=2,difficulty,simple,8,0.0,0.375,0.144853,0.078215,True
original_hypergraph,grade>=3,difficulty,compositional,36,0.166667,0.416667,0.245245,0.193214,True
original_hypergraph,grade>=3,difficulty,high_order,14,0.142857,0.357143,0.228855,0.195402,True
original_hypergraph,grade>=3,difficulty,simple,8,0.0,0.125,0.062909,0.078215,True
chem_prompt_graph,grade>=1,support_mode,adjacent_chunks,8,0.875,1.0,0.90625,0.442287,True
chem_prompt_graph,grade>=1,support_mode,cross_section,10,0.5,0.7,0.630952,0.305746,True
chem_prompt_graph,grade>=1,support_mode,none,13,0.076923,0.230769,0.164288,0.118467,True
chem_prompt_graph,grade>=1,support_mode,single_chunk,27,0.62963,0.888889,0.737487,0.369406,True
chem_prompt_graph,grade>=2,support_mode,adjacent_chunks,8,0.375,0.875,0.571875,0.442287,True
chem_prompt_graph,grade>=2,support_mode,cross_section,10,0.4,0.6,0.497186,0.305746,True
chem_prompt_graph,grade>=2,support_mode,none,13,0.0,0.0,0.0,0.118467,True
chem_prompt_graph,grade>=2,support_mode,single_chunk,27,0.333333,0.851852,0.525292,0.369406,True
chem_prompt_graph,grade>=3,support_mode,adjacent_chunks,8,0.0,0.75,0.272396,0.442287,True
chem_prompt_graph,grade>=3,support_mode,cross_section,10,0.3,0.6,0.43052,0.305746,True
chem_prompt_graph,grade>=3,support_mode,none,13,0.0,0.0,0.0,0.118467,True
chem_prompt_graph,grade>=3,support_mode,single_chunk,27,0.296296,0.703704,0.475492,0.369406,True
chem_prompt_hypergraph,grade>=1,support_mode,adjacent_chunks,8,0.5,0.625,0.555686,0.190397,True
chem_prompt_hypergraph,grade>=1,support_mode,cross_section,10,0.5,0.6,0.577976,0.238132,True
chem_prompt_hypergraph,grade>=1,support_mode,none,13,0.230769,0.230769,0.245807,0.129793,True
chem_prompt_hypergraph,grade>=1,support_mode,single_chunk,27,0.592593,0.814815,0.694224,0.293286,True
chem_prompt_hypergraph,grade>=2,support_mode,adjacent_chunks,8,0.25,0.5,0.36369,0.190397,True
chem_prompt_hypergraph,grade>=2,support_mode,cross_section,10,0.3,0.4,0.377083,0.238132,True
chem_prompt_hypergraph,grade>=2,support_mode,none,13,0.0,0.0,0.0,0.129793,True
chem_prompt_hypergraph,grade>=2,support_mode,single_chunk,27,0.296296,0.666667,0.438802,0.293286,True
chem_prompt_hypergraph,grade>=3,support_mode,adjacent_chunks,8,0.125,0.25,0.159615,0.190397,True
chem_prompt_hypergraph,grade>=3,support_mode,cross_section,10,0.3,0.4,0.34625,0.238132,True
chem_prompt_hypergraph,grade>=3,support_mode,none,13,0.0,0.0,0.0,0.129793,True
chem_prompt_hypergraph,grade>=3,support_mode,single_chunk,27,0.296296,0.592593,0.419322,0.293286,True
normalized_final,grade>=1,support_mode,adjacent_chunks,8,0.875,0.875,0.8875,0.563465,True
normalized_final,grade>=1,support_mode,cross_section,10,0.3,0.9,0.552778,0.348603,True
normalized_final,grade>=1,support_mode,none,13,0.076923,0.307692,0.178571,0.13283,True
normalized_final,grade>=1,support_mode,single_chunk,27,0.666667,0.925926,0.788419,0.471938,True
normalized_final,grade>=2,support_mode,adjacent_chunks,8,0.875,0.875,0.8875,0.563465,True
normalized_final,grade>=2,support_mode,cross_section,10,0.3,0.8,0.485278,0.348603,True
normalized_final,grade>=2,support_mode,none,13,0.0,0.0,0.0,0.13283,True
normalized_final,grade>=2,support_mode,single_chunk,27,0.333333,0.888889,0.56349,0.471938,True
normalized_final,grade>=3,support_mode,adjacent_chunks,8,0.375,0.625,0.506502,0.563465,True
normalized_final,grade>=3,support_mode,cross_section,10,0.1,0.6,0.344444,0.348603,True
normalized_final,grade>=3,support_mode,none,13,0.0,0.0,0.0,0.13283,True
normalized_final,grade>=3,support_mode,single_chunk,27,0.259259,0.814815,0.499028,0.471938,True
normalized_final_no_rerank,grade>=1,support_mode,adjacent_chunks,8,0.875,0.875,0.8875,0.563465,True
normalized_final_no_rerank,grade>=1,support_mode,cross_section,10,0.3,0.9,0.554167,0.355439,True
normalized_final_no_rerank,grade>=1,support_mode,none,13,0.076923,0.307692,0.178571,0.13283,True
normalized_final_no_rerank,grade>=1,support_mode,single_chunk,27,0.666667,0.925926,0.788933,0.462853,True
normalized_final_no_rerank,grade>=2,support_mode,adjacent_chunks,8,0.875,0.875,0.8875,0.563465,True
normalized_final_no_rerank,grade>=2,support_mode,cross_section,10,0.3,0.8,0.491667,0.355439,True
normalized_final_no_rerank,grade>=2,support_mode,none,13,0.0,0.0,0.0,0.13283,True
normalized_final_no_rerank,grade>=2,support_mode,single_chunk,27,0.333333,0.851852,0.560918,0.462853,True
normalized_final_no_rerank,grade>=3,support_mode,adjacent_chunks,8,0.375,0.625,0.506502,0.563465,True
normalized_final_no_rerank,grade>=3,support_mode,cross_section,10,0.1,0.6,0.345833,0.355439,True
normalized_final_no_rerank,grade>=3,support_mode,none,13,0.0,0.0,0.0,0.13283,True
normalized_final_no_rerank,grade>=3,support_mode,single_chunk,27,0.222222,0.777778,0.480671,0.462853,True
original_hypergraph,grade>=1,support_mode,adjacent_chunks,8,0.5,0.625,0.541667,0.273022,True
original_hypergraph,grade>=1,support_mode,cross_section,10,0.4,0.6,0.470397,0.134164,True
original_hypergraph,grade>=1,support_mode,none,13,0.0,0.153846,0.083585,0.068354,True
original_hypergraph,grade>=1,support_mode,single_chunk,27,0.444444,0.777778,0.560173,0.218616,True
original_hypergraph,grade>=2,support_mode,adjacent_chunks,8,0.375,0.625,0.479167,0.273022,True
original_hypergraph,grade>=2,support_mode,cross_section,10,0.2,0.4,0.28171,0.134164,True
original_hypergraph,grade>=2,support_mode,none,13,0.0,0.076923,0.019231,0.068354,True
original_hypergraph,grade>=2,support_mode,single_chunk,27,0.222222,0.666667,0.352796,0.218616,True
original_hypergraph,grade>=3,support_mode,adjacent_chunks,8,0.25,0.5,0.330556,0.273022,True
original_hypergraph,grade>=3,support_mode,cross_section,10,0.1,0.3,0.189286,0.134164,True
original_hypergraph,grade>=3,support_mode,none,13,0.0,0.0,0.0,0.068354,True
original_hypergraph,grade>=3,support_mode,single_chunk,27,0.185185,0.518519,0.29625,0.218616,True
chem_prompt_graph,grade>=1,fact_type,balance_of_plant_durability,1,0.0,0.0,0.0,0.0,True
chem_prompt_graph,grade>=1,fact_type,catalyst_recycling,1,0.0,0.0,0.058824,0.0,True
chem_prompt_graph,grade>=1,fact_type,contamination_failure,1,0.0,0.0,0.0,0.0,True
chem_prompt_graph,grade>=1,fact_type,cycling_stability,7,0.571429,1.0,0.707143,0.204847,True
chem_prompt_graph,grade>=1,fact_type,electrolyte_recycling,1,0.0,0.0,0.0,0.0,True
chem_prompt_graph,grade>=1,fact_type,environmental_robustness,1,0.0,0.0,0.0,0.0,True
chem_prompt_graph,grade>=1,fact_type,environmental_safety,1,0.0,0.0,0.076923,0.0,True
chem_prompt_graph,grade>=1,fact_type,hydraulic_fault_effect,1,0.0,0.0,0.0,0.0,True
chem_prompt_graph,grade>=1,fact_type,life_cycle_assessment,1,0.0,0.0,0.0,0.0,True
chem_prompt_graph,grade>=1,fact_type,manufacturing_sustainability,1,0.0,1.0,0.5,0.63093,True
chem_prompt_graph,grade>=1,fact_type,material_design,1,0.0,1.0,0.5,0.036325,True
chem_prompt_graph,grade>=1,fact_type,mechanism,3,0.666667,1.0,0.75,0.5209,True
chem_prompt_graph,grade>=1,fact_type,membrane_mechanical_fatigue,1,0.0,0.0,0.0,0.0,True
chem_prompt_graph,grade>=1,fact_type,model_uncertainty,1,1.0,1.0,1.0,0.616434,True
chem_prompt_graph,grade>=1,fact_type,modeling_diagnostics,3,0.333333,0.333333,0.436508,0.236192,True
chem_prompt_graph,grade>=1,fact_type,operando_control,1,0.0,0.0,0.0,0.0,True
chem_prompt_graph,grade>=1,fact_type,operando_diagnostics,1,0.0,1.0,0.5,0.292709,True
chem_prompt_graph,grade>=1,fact_type,operating_conditions,9,0.888889,0.888889,0.907407,0.467409,True
chem_prompt_graph,grade>=1,fact_type,performance_comparison,9,0.777778,0.888889,0.825926,0.434477,True
chem_prompt_graph,grade>=1,fact_type,performance_metrics,11,0.545455,0.909091,0.709957,0.384958,True
chem_prompt_graph,grade>=1,fact_type,system_architecture,2,0.5,0.5,0.526316,0.238337,True
chem_prompt_graph,grade>=2,fact_type,balance_of_plant_durability,1,0.0,0.0,0.0,0.0,True
chem_prompt_graph,grade>=2,fact_type,catalyst_recycling,1,0.0,0.0,0.0,0.0,True
chem_prompt_graph,grade>=2,fact_type,contamination_failure,1,0.0,0.0,0.0,0.0,True
chem_prompt_graph,grade>=2,fact_type,cycling_stability,7,0.142857,0.714286,0.309594,0.204847,True
chem_prompt_graph,grade>=2,fact_type,electrolyte_recycling,1,0.0,0.0,0.0,0.0,True
chem_prompt_graph,grade>=2,fact_type,environmental_robustness,1,0.0,0.0,0.0,0.0,True
chem_prompt_graph,grade>=2,fact_type,environmental_safety,1,0.0,0.0,0.0,0.0,True
chem_prompt_graph,grade>=2,fact_type,hydraulic_fault_effect,1,0.0,0.0,0.0,0.0,True
chem_prompt_graph,grade>=2,fact_type,life_cycle_assessment,1,0.0,0.0,0.0,0.0,True
chem_prompt_graph,grade>=2,fact_type,manufacturing_sustainability,1,0.0,0.0,0.0,0.63093,True
chem_prompt_graph,grade>=2,fact_type,material_design,1,0.0,0.0,0.071429,0.036325,True
chem_prompt_graph,grade>=2,fact_type,mechanism,3,0.666667,1.0,0.75,0.5209,True
chem_prompt_graph,grade>=2,fact_type,membrane_mechanical_fatigue,1,0.0,0.0,0.0,0.0,True
chem_prompt_graph,grade>=2,fact_type,model_uncertainty,1,0.0,0.0,0.0,0.616434,True
chem_prompt_graph,grade>=2,fact_type,modeling_diagnostics,3,0.333333,0.333333,0.411255,0.236192,True
chem_prompt_graph,grade>=2,fact_type,operando_control,1,0.0,0.0,0.0,0.0,True
chem_prompt_graph,grade>=2,fact_type,operando_diagnostics,1,0.0,0.0,0.0,0.292709,True
chem_prompt_graph,grade>=2,fact_type,operating_conditions,9,0.666667,0.888889,0.777778,0.467409,True
chem_prompt_graph,grade>=2,fact_type,performance_comparison,9,0.333333,0.888889,0.557407,0.434477,True
chem_prompt_graph,grade>=2,fact_type,performance_metrics,11,0.181818,0.909091,0.448918,0.384958,True
chem_prompt_graph,grade>=2,fact_type,system_architecture,2,0.5,0.5,0.526316,0.238337,True
chem_prompt_graph,grade>=3,fact_type,balance_of_plant_durability,1,0.0,0.0,0.0,0.0,True
chem_prompt_graph,grade>=3,fact_type,catalyst_recycling,1,0.0,0.0,0.0,0.0,True
chem_prompt_graph,grade>=3,fact_type,contamination_failure,1,0.0,0.0,0.0,0.0,True
chem_prompt_graph,grade>=3,fact_type,cycling_stability,7,0.142857,0.428571,0.260989,0.204847,True
chem_prompt_graph,grade>=3,fact_type,electrolyte_recycling,1,0.0,0.0,0.0,0.0,True
chem_prompt_graph,grade>=3,fact_type,environmental_robustness,1,0.0,0.0,0.0,0.0,True
chem_prompt_graph,grade>=3,fact_type,environmental_safety,1,0.0,0.0,0.0,0.0,True
chem_prompt_graph,grade>=3,fact_type,hydraulic_fault_effect,1,0.0,0.0,0.0,0.0,True
chem_prompt_graph,grade>=3,fact_type,life_cycle_assessment,1,0.0,0.0,0.0,0.0,True
chem_prompt_graph,grade>=3,fact_type,manufacturing_sustainability,1,0.0,0.0,0.0,0.63093,True
chem_prompt_graph,grade>=3,fact_type,material_design,1,0.0,0.0,0.071429,0.036325,True
chem_prompt_graph,grade>=3,fact_type,mechanism,3,0.666667,1.0,0.733333,0.5209,True
chem_prompt_graph,grade>=3,fact_type,membrane_mechanical_fatigue,1,0.0,0.0,0.0,0.0,True
chem_prompt_graph,grade>=3,fact_type,model_uncertainty,1,0.0,0.0,0.0,0.616434,True
chem_prompt_graph,grade>=3,fact_type,modeling_diagnostics,3,0.333333,0.333333,0.411255,0.236192,True
chem_prompt_graph,grade>=3,fact_type,operando_control,1,0.0,0.0,0.0,0.0,True
chem_prompt_graph,grade>=3,fact_type,operando_diagnostics,1,0.0,0.0,0.0,0.292709,True
chem_prompt_graph,grade>=3,fact_type,operating_conditions,9,0.444444,0.888889,0.62963,0.467409,True
chem_prompt_graph,grade>=3,fact_type,performance_comparison,9,0.111111,0.666667,0.363404,0.434477,True
chem_prompt_graph,grade>=3,fact_type,performance_metrics,11,0.090909,0.818182,0.36369,0.384958,True
chem_prompt_graph,grade>=3,fact_type,system_architecture,2,0.5,0.5,0.526316,0.238337,True
chem_prompt_hypergraph,grade>=1,fact_type,balance_of_plant_durability,1,0.0,0.0,0.0,0.0,True
chem_prompt_hypergraph,grade>=1,fact_type,catalyst_recycling,1,0.0,0.0,0.052632,0.0,True
chem_prompt_hypergraph,grade>=1,fact_type,contamination_failure,1,0.0,0.0,0.0,0.0,True
chem_prompt_hypergraph,grade>=1,fact_type,cycling_stability,7,0.428571,0.571429,0.517007,0.236423,True
chem_prompt_hypergraph,grade>=1,fact_type,electrolyte_recycling,1,0.0,0.0,0.0,0.0,True
chem_prompt_hypergraph,grade>=1,fact_type,environmental_robustness,1,0.0,0.0,0.0,0.0,True
chem_prompt_hypergraph,grade>=1,fact_type,environmental_safety,1,0.0,0.0,0.142857,0.0,True
chem_prompt_hypergraph,grade>=1,fact_type,hydraulic_fault_effect,1,0.0,0.0,0.0,0.0,True
chem_prompt_hypergraph,grade>=1,fact_type,life_cycle_assessment,1,0.0,0.0,0.0,0.0,True
chem_prompt_hypergraph,grade>=1,fact_type,manufacturing_sustainability,1,1.0,1.0,1.0,1.0,True
chem_prompt_hypergraph,grade>=1,fact_type,material_design,1,0.0,0.0,0.125,0.0,True
chem_prompt_hypergraph,grade>=1,fact_type,mechanism,3,0.666667,0.666667,0.666667,0.248064,True
chem_prompt_hypergraph,grade>=1,fact_type,membrane_mechanical_fatigue,1,0.0,0.0,0.0,0.0,True
chem_prompt_hypergraph,grade>=1,fact_type,model_uncertainty,1,1.0,1.0,1.0,0.485229,True
chem_prompt_hypergraph,grade>=1,fact_type,modeling_diagnostics,3,0.0,0.666667,0.305555,0.235547,True
chem_prompt_hypergraph,grade>=1,fact_type,operando_control,1,0.0,0.0,0.0,0.0,True
chem_prompt_hypergraph,grade>=1,fact_type,operando_diagnostics,1,1.0,1.0,1.0,0.202083,True
chem_prompt_hypergraph,grade>=1,fact_type,operating_conditions,9,0.444444,0.666667,0.531085,0.165455,True
chem_prompt_hypergraph,grade>=1,fact_type,performance_comparison,9,0.333333,0.666667,0.503202,0.251266,True
chem_prompt_hypergraph,grade>=1,fact_type,performance_metrics,11,1.0,1.0,1.0,0.436908,True
chem_prompt_hypergraph,grade>=1,fact_type,system_architecture,2,1.0,1.0,1.0,0.080478,True
chem_prompt_hypergraph,grade>=2,fact_type,balance_of_plant_durability,1,0.0,0.0,0.0,0.0,True
chem_prompt_hypergraph,grade>=2,fact_type,catalyst_recycling,1,0.0,0.0,0.0,0.0,True
chem_prompt_hypergraph,grade>=2,fact_type,contamination_failure,1,0.0,0.0,0.0,0.0,True
chem_prompt_hypergraph,grade>=2,fact_type,cycling_stability,7,0.285714,0.571429,0.414347,0.236423,True
chem_prompt_hypergraph,grade>=2,fact_type,electrolyte_recycling,1,0.0,0.0,0.0,0.0,True
chem_prompt_hypergraph,grade>=2,fact_type,environmental_robustness,1,0.0,0.0,0.0,0.0,True
chem_prompt_hypergraph,grade>=2,fact_type,environmental_safety,1,0.0,0.0,0.0,0.0,True
chem_prompt_hypergraph,grade>=2,fact_type,hydraulic_fault_effect,1,0.0,0.0,0.0,0.0,True
chem_prompt_hypergraph,grade>=2,fact_type,life_cycle_assessment,1,0.0,0.0,0.0,0.0,True
chem_prompt_hypergraph,grade>=2,fact_type,manufacturing_sustainability,1,0.0,0.0,0.0,1.0,True
chem_prompt_hypergraph,grade>=2,fact_type,material_design,1,0.0,0.0,0.125,0.0,True
chem_prompt_hypergraph,grade>=2,fact_type,mechanism,3,0.333333,0.666667,0.444444,0.248064,True
chem_prompt_hypergraph,grade>=2,fact_type,membrane_mechanical_fatigue,1,0.0,0.0,0.0,0.0,True
chem_prompt_hypergraph,grade>=2,fact_type,model_uncertainty,1,0.0,0.0,0.0,0.485229,True
chem_prompt_hypergraph,grade>=2,fact_type,modeling_diagnostics,3,0.0,0.666667,0.305555,0.235547,True
chem_prompt_hypergraph,grade>=2,fact_type,operando_control,1,0.0,0.0,0.0,0.0,True
chem_prompt_hypergraph,grade>=2,fact_type,operando_diagnostics,1,0.0,0.0,0.0,0.202083,True
chem_prompt_hypergraph,grade>=2,fact_type,operating_conditions,9,0.222222,0.444444,0.331944,0.165455,True
chem_prompt_hypergraph,grade>=2,fact_type,performance_comparison,9,0.222222,0.555556,0.35291,0.251266,True
chem_prompt_hypergraph,grade>=2,fact_type,performance_metrics,11,0.545455,0.818182,0.634343,0.436908,True
chem_prompt_hypergraph,grade>=2,fact_type,system_architecture,2,0.0,0.0,0.055556,0.080478,True
chem_prompt_hypergraph,grade>=3,fact_type,balance_of_plant_durability,1,0.0,0.0,0.0,0.0,True
chem_prompt_hypergraph,grade>=3,fact_type,catalyst_recycling,1,0.0,0.0,0.0,0.0,True
chem_prompt_hypergraph,grade>=3,fact_type,contamination_failure,1,0.0,0.0,0.0,0.0,True
chem_prompt_hypergraph,grade>=3,fact_type,cycling_stability,7,0.285714,0.571429,0.40293,0.236423,True
chem_prompt_hypergraph,grade>=3,fact_type,electrolyte_recycling,1,0.0,0.0,0.0,0.0,True
chem_prompt_hypergraph,grade>=3,fact_type,environmental_robustness,1,0.0,0.0,0.0,0.0,True
chem_prompt_hypergraph,grade>=3,fact_type,environmental_safety,1,0.0,0.0,0.0,0.0,True
chem_prompt_hypergraph,grade>=3,fact_type,hydraulic_fault_effect,1,0.0,0.0,0.0,0.0,True
chem_prompt_hypergraph,grade>=3,fact_type,life_cycle_assessment,1,0.0,0.0,0.0,0.0,True
chem_prompt_hypergraph,grade>=3,fact_type,manufacturing_sustainability,1,0.0,0.0,0.0,1.0,True
chem_prompt_hypergraph,grade>=3,fact_type,material_design,1,0.0,0.0,0.0,0.0,True
chem_prompt_hypergraph,grade>=3,fact_type,mechanism,3,0.333333,0.666667,0.444444,0.248064,True
chem_prompt_hypergraph,grade>=3,fact_type,membrane_mechanical_fatigue,1,0.0,0.0,0.0,0.0,True
chem_prompt_hypergraph,grade>=3,fact_type,model_uncertainty,1,0.0,0.0,0.0,0.485229,True
chem_prompt_hypergraph,grade>=3,fact_type,modeling_diagnostics,3,0.0,0.666667,0.244444,0.235547,True
chem_prompt_hypergraph,grade>=3,fact_type,operando_control,1,0.0,0.0,0.0,0.0,True
chem_prompt_hypergraph,grade>=3,fact_type,operando_diagnostics,1,0.0,0.0,0.0,0.202083,True
chem_prompt_hypergraph,grade>=3,fact_type,operating_conditions,9,0.222222,0.333333,0.277623,0.165455,True
chem_prompt_hypergraph,grade>=3,fact_type,performance_comparison,9,0.222222,0.333333,0.302198,0.251266,True
chem_prompt_hypergraph,grade>=3,fact_type,performance_metrics,11,0.454545,0.727273,0.531313,0.436908,True
chem_prompt_hypergraph,grade>=3,fact_type,system_architecture,2,0.0,0.0,0.055556,0.080478,True
normalized_final,grade>=1,fact_type,balance_of_plant_durability,1,0.0,0.0,0.0,0.0,True
normalized_final,grade>=1,fact_type,catalyst_recycling,1,0.0,1.0,0.5,0.246302,True
normalized_final,grade>=1,fact_type,contamination_failure,1,0.0,0.0,0.0,0.0,True
normalized_final,grade>=1,fact_type,cycling_stability,7,0.428571,0.857143,0.614286,0.305615,True
normalized_final,grade>=1,fact_type,electrolyte_recycling,1,0.0,0.0,0.0,0.0,True
normalized_final,grade>=1,fact_type,environmental_robustness,1,0.0,0.0,0.0,0.0,True
normalized_final,grade>=1,fact_type,environmental_safety,1,0.0,0.0,0.0,0.0,True
normalized_final,grade>=1,fact_type,hydraulic_fault_effect,1,0.0,0.0,0.0,0.0,True
normalized_final,grade>=1,fact_type,life_cycle_assessment,1,0.0,0.0,0.0,0.0,True
normalized_final,grade>=1,fact_type,manufacturing_sustainability,1,0.0,1.0,0.5,0.63093,True
normalized_final,grade>=1,fact_type,material_design,1,0.0,1.0,0.333333,0.095604,True
normalized_final,grade>=1,fact_type,mechanism,3,0.666667,1.0,0.833333,0.586618,True
normalized_final,grade>=1,fact_type,membrane_mechanical_fatigue,1,0.0,0.0,0.0,0.0,True
normalized_final,grade>=1,fact_type,model_uncertainty,1,1.0,1.0,1.0,0.684352,True
normalized_final,grade>=1,fact_type,modeling_diagnostics,3,0.666667,1.0,0.75,0.488041,True
normalized_final,grade>=1,fact_type,operando_control,1,0.0,0.0,0.071429,0.0,True
normalized_final,grade>=1,fact_type,operando_diagnostics,1,0.0,1.0,0.25,0.165209,True
normalized_final,grade>=1,fact_type,operating_conditions,9,0.888889,0.888889,0.901235,0.554448,True
normalized_final,grade>=1,fact_type,performance_comparison,9,0.666667,1.0,0.814815,0.576507,True
normalized_final,grade>=1,fact_type,performance_metrics,11,0.545455,0.818182,0.689755,0.411251,True
normalized_final,grade>=1,fact_type,system_architecture,2,0.5,1.0,0.75,0.287408,True
normalized_final,grade>=2,fact_type,balance_of_plant_durability,1,0.0,0.0,0.0,0.0,True
normalized_final,grade>=2,fact_type,catalyst_recycling,1,0.0,0.0,0.0,0.246302,True
normalized_final,grade>=2,fact_type,contamination_failure,1,0.0,0.0,0.0,0.0,True
normalized_final,grade>=2,fact_type,cycling_stability,7,0.285714,0.857143,0.507143,0.305615,True
normalized_final,grade>=2,fact_type,electrolyte_recycling,1,0.0,0.0,0.0,0.0,True
normalized_final,grade>=2,fact_type,environmental_robustness,1,0.0,0.0,0.0,0.0,True
normalized_final,grade>=2,fact_type,environmental_safety,1,0.0,0.0,0.0,0.0,True
normalized_final,grade>=2,fact_type,hydraulic_fault_effect,1,0.0,0.0,0.0,0.0,True
normalized_final,grade>=2,fact_type,life_cycle_assessment,1,0.0,0.0,0.0,0.0,True
normalized_final,grade>=2,fact_type,manufacturing_sustainability,1,0.0,0.0,0.0,0.63093,True
normalized_final,grade>=2,fact_type,material_design,1,0.0,1.0,0.2,0.095604,True
normalized_final,grade>=2,fact_type,mechanism,3,0.333333,1.0,0.666667,0.586618,True
normalized_final,grade>=2,fact_type,membrane_mechanical_fatigue,1,0.0,0.0,0.0,0.0,True
normalized_final,grade>=2,fact_type,model_uncertainty,1,0.0,0.0,0.0,0.684352,True
normalized_final,grade>=2,fact_type,modeling_diagnostics,3,0.666667,1.0,0.75,0.488041,True
normalized_final,grade>=2,fact_type,operando_control,1,0.0,0.0,0.0,0.0,True
normalized_final,grade>=2,fact_type,operando_diagnostics,1,0.0,0.0,0.0,0.165209,True
normalized_final,grade>=2,fact_type,operating_conditions,9,0.555556,0.888889,0.667901,0.554448,True
normalized_final,grade>=2,fact_type,performance_comparison,9,0.666667,0.888889,0.767806,0.576507,True
normalized_final,grade>=2,fact_type,performance_metrics,11,0.272727,0.818182,0.510967,0.411251,True
normalized_final,grade>=2,fact_type,system_architecture,2,0.0,0.5,0.3125,0.287408,True
normalized_final,grade>=3,fact_type,balance_of_plant_durability,1,0.0,0.0,0.0,0.0,True
normalized_final,grade>=3,fact_type,catalyst_recycling,1,0.0,0.0,0.0,0.246302,True
normalized_final,grade>=3,fact_type,contamination_failure,1,0.0,0.0,0.0,0.0,True
normalized_final,grade>=3,fact_type,cycling_stability,7,0.142857,0.571429,0.361967,0.305615,True
normalized_final,grade>=3,fact_type,electrolyte_recycling,1,0.0,0.0,0.0,0.0,True
normalized_final,grade>=3,fact_type,environmental_robustness,1,0.0,0.0,0.0,0.0,True
normalized_final,grade>=3,fact_type,environmental_safety,1,0.0,0.0,0.0,0.0,True
normalized_final,grade>=3,fact_type,hydraulic_fault_effect,1,0.0,0.0,0.0,0.0,True
normalized_final,grade>=3,fact_type,life_cycle_assessment,1,0.0,0.0,0.0,0.0,True
normalized_final,grade>=3,fact_type,manufacturing_sustainability,1,0.0,0.0,0.0,0.63093,True
normalized_final,grade>=3,fact_type,material_design,1,0.0,0.0,0.166667,0.095604,True
normalized_final,grade>=3,fact_type,mechanism,3,0.333333,1.0,0.583333,0.586618,True
normalized_final,grade>=3,fact_type,membrane_mechanical_fatigue,1,0.0,0.0,0.0,0.0,True
normalized_final,grade>=3,fact_type,model_uncertainty,1,0.0,0.0,0.0,0.684352,True
normalized_final,grade>=3,fact_type,modeling_diagnostics,3,0.333333,0.666667,0.541667,0.488041,True
normalized_final,grade>=3,fact_type,operando_control,1,0.0,0.0,0.0,0.0,True
normalized_final,grade>=3,fact_type,operando_diagnostics,1,0.0,0.0,0.0,0.165209,True
normalized_final,grade>=3,fact_type,operating_conditions,9,0.444444,0.888889,0.612346,0.554448,True
normalized_final,grade>=3,fact_type,performance_comparison,9,0.333333,0.888889,0.540028,0.576507,True
normalized_final,grade>=3,fact_type,performance_metrics,11,0.090909,0.636364,0.381674,0.411251,True
normalized_final,grade>=3,fact_type,system_architecture,2,0.0,0.5,0.1625,0.287408,True
normalized_final_no_rerank,grade>=1,fact_type,balance_of_plant_durability,1,0.0,0.0,0.0,0.0,True
normalized_final_no_rerank,grade>=1,fact_type,catalyst_recycling,1,0.0,1.0,0.5,0.246302,True
normalized_final_no_rerank,grade>=1,fact_type,contamination_failure,1,0.0,0.0,0.0,0.0,True
normalized_final_no_rerank,grade>=1,fact_type,cycling_stability,7,0.428571,0.857143,0.614286,0.284652,True
normalized_final_no_rerank,grade>=1,fact_type,electrolyte_recycling,1,0.0,0.0,0.0,0.0,True
normalized_final_no_rerank,grade>=1,fact_type,environmental_robustness,1,0.0,0.0,0.0,0.0,True
normalized_final_no_rerank,grade>=1,fact_type,environmental_safety,1,0.0,0.0,0.0,0.0,True
normalized_final_no_rerank,grade>=1,fact_type,hydraulic_fault_effect,1,0.0,0.0,0.0,0.0,True
normalized_final_no_rerank,grade>=1,fact_type,life_cycle_assessment,1,0.0,0.0,0.0,0.0,True
normalized_final_no_rerank,grade>=1,fact_type,manufacturing_sustainability,1,0.0,1.0,0.5,0.63093,True
normalized_final_no_rerank,grade>=1,fact_type,material_design,1,0.0,1.0,0.333333,0.103173,True
normalized_final_no_rerank,grade>=1,fact_type,mechanism,3,0.666667,1.0,0.833333,0.586618,True
normalized_final_no_rerank,grade>=1,fact_type,membrane_mechanical_fatigue,1,0.0,0.0,0.0,0.0,True
normalized_final_no_rerank,grade>=1,fact_type,model_uncertainty,1,1.0,1.0,1.0,0.684352,True
normalized_final_no_rerank,grade>=1,fact_type,modeling_diagnostics,3,0.666667,1.0,0.75,0.508303,True
normalized_final_no_rerank,grade>=1,fact_type,operando_control,1,0.0,0.0,0.071429,0.0,True
normalized_final_no_rerank,grade>=1,fact_type,operando_diagnostics,1,0.0,1.0,0.25,0.165209,True
normalized_final_no_rerank,grade>=1,fact_type,operating_conditions,9,0.888889,0.888889,0.902778,0.537125,True
normalized_final_no_rerank,grade>=1,fact_type,performance_comparison,9,0.666667,1.0,0.814815,0.576911,True
normalized_final_no_rerank,grade>=1,fact_type,performance_metrics,11,0.545455,0.818182,0.691017,0.411251,True
normalized_final_no_rerank,grade>=1,fact_type,system_architecture,2,0.5,1.0,0.75,0.31428,True
normalized_final_no_rerank,grade>=2,fact_type,balance_of_plant_durability,1,0.0,0.0,0.0,0.0,True
normalized_final_no_rerank,grade>=2,fact_type,catalyst_recycling,1,0.0,0.0,0.0,0.246302,True
normalized_final_no_rerank,grade>=2,fact_type,contamination_failure,1,0.0,0.0,0.0,0.0,True
normalized_final_no_rerank,grade>=2,fact_type,cycling_stability,7,0.142857,0.857143,0.428571,0.284652,True
normalized_final_no_rerank,grade>=2,fact_type,electrolyte_recycling,1,0.0,0.0,0.0,0.0,True
normalized_final_no_rerank,grade>=2,fact_type,environmental_robustness,1,0.0,0.0,0.0,0.0,True
normalized_final_no_rerank,grade>=2,fact_type,environmental_safety,1,0.0,0.0,0.0,0.0,True
normalized_final_no_rerank,grade>=2,fact_type,hydraulic_fault_effect,1,0.0,0.0,0.0,0.0,True
normalized_final_no_rerank,grade>=2,fact_type,life_cycle_assessment,1,0.0,0.0,0.0,0.0,True
normalized_final_no_rerank,grade>=2,fact_type,manufacturing_sustainability,1,0.0,0.0,0.0,0.63093,True
normalized_final_no_rerank,grade>=2,fact_type,material_design,1,0.0,1.0,0.25,0.103173,True
normalized_final_no_rerank,grade>=2,fact_type,mechanism,3,0.333333,1.0,0.666667,0.586618,True
normalized_final_no_rerank,grade>=2,fact_type,membrane_mechanical_fatigue,1,0.0,0.0,0.0,0.0,True
normalized_final_no_rerank,grade>=2,fact_type,model_uncertainty,1,0.0,0.0,0.0,0.684352,True
normalized_final_no_rerank,grade>=2,fact_type,modeling_diagnostics,3,0.666667,1.0,0.75,0.508303,True
normalized_final_no_rerank,grade>=2,fact_type,operando_control,1,0.0,0.0,0.0,0.0,True
normalized_final_no_rerank,grade>=2,fact_type,operando_diagnostics,1,0.0,0.0,0.0,0.165209,True
normalized_final_no_rerank,grade>=2,fact_type,operating_conditions,9,0.555556,0.777778,0.665741,0.537125,True
normalized_final_no_rerank,grade>=2,fact_type,performance_comparison,9,0.666667,0.888889,0.767806,0.576911,True
normalized_final_no_rerank,grade>=2,fact_type,performance_metrics,11,0.272727,0.818182,0.512229,0.411251,True
normalized_final_no_rerank,grade>=2,fact_type,system_architecture,2,0.5,0.5,0.5625,0.31428,True
normalized_final_no_rerank,grade>=3,fact_type,balance_of_plant_durability,1,0.0,0.0,0.0,0.0,True
normalized_final_no_rerank,grade>=3,fact_type,catalyst_recycling,1,0.0,0.0,0.0,0.246302,True
normalized_final_no_rerank,grade>=3,fact_type,contamination_failure,1,0.0,0.0,0.0,0.0,True
normalized_final_no_rerank,grade>=3,fact_type,cycling_stability,7,0.0,0.571429,0.293939,0.284652,True
normalized_final_no_rerank,grade>=3,fact_type,electrolyte_recycling,1,0.0,0.0,0.0,0.0,True
normalized_final_no_rerank,grade>=3,fact_type,environmental_robustness,1,0.0,0.0,0.0,0.0,True
normalized_final_no_rerank,grade>=3,fact_type,environmental_safety,1,0.0,0.0,0.0,0.0,True
normalized_final_no_rerank,grade>=3,fact_type,hydraulic_fault_effect,1,0.0,0.0,0.0,0.0,True
normalized_final_no_rerank,grade>=3,fact_type,life_cycle_assessment,1,0.0,0.0,0.0,0.0,True
normalized_final_no_rerank,grade>=3,fact_type,manufacturing_sustainability,1,0.0,0.0,0.0,0.63093,True
normalized_final_no_rerank,grade>=3,fact_type,material_design,1,0.0,0.0,0.166667,0.103173,True
normalized_final_no_rerank,grade>=3,fact_type,mechanism,3,0.333333,1.0,0.583333,0.586618,True
normalized_final_no_rerank,grade>=3,fact_type,membrane_mechanical_fatigue,1,0.0,0.0,0.0,0.0,True
normalized_final_no_rerank,grade>=3,fact_type,model_uncertainty,1,0.0,0.0,0.0,0.684352,True
normalized_final_no_rerank,grade>=3,fact_type,modeling_diagnostics,3,0.333333,0.666667,0.541667,0.508303,True
normalized_final_no_rerank,grade>=3,fact_type,operando_control,1,0.0,0.0,0.0,0.0,True
normalized_final_no_rerank,grade>=3,fact_type,operando_diagnostics,1,0.0,0.0,0.0,0.165209,True
normalized_final_no_rerank,grade>=3,fact_type,operating_conditions,9,0.444444,0.777778,0.610185,0.537125,True
normalized_final_no_rerank,grade>=3,fact_type,performance_comparison,9,0.333333,0.888889,0.540028,0.576911,True
normalized_final_no_rerank,grade>=3,fact_type,performance_metrics,11,0.090909,0.636364,0.382936,0.411251,True
normalized_final_no_rerank,grade>=3,fact_type,system_architecture,2,0.0,0.5,0.1625,0.31428,True
original_hypergraph,grade>=1,fact_type,balance_of_plant_durability,1,0.0,0.0,0.0,0.0,True
original_hypergraph,grade>=1,fact_type,catalyst_recycling,1,0.0,0.0,0.0,0.0,True
original_hypergraph,grade>=1,fact_type,contamination_failure,1,0.0,1.0,0.333333,0.5,True
original_hypergraph,grade>=1,fact_type,cycling_stability,7,0.142857,0.714286,0.339456,0.161806,True
original_hypergraph,grade>=1,fact_type,electrolyte_recycling,1,0.0,0.0,0.0,0.0,True
original_hypergraph,grade>=1,fact_type,environmental_robustness,1,0.0,0.0,0.0,0.0,True
original_hypergraph,grade>=1,fact_type,environmental_safety,1,0.0,0.0,0.0,0.0,True
original_hypergraph,grade>=1,fact_type,hydraulic_fault_effect,1,0.0,0.0,0.0,0.0,True
original_hypergraph,grade>=1,fact_type,life_cycle_assessment,1,0.0,0.0,0.0,0.0,True
original_hypergraph,grade>=1,fact_type,manufacturing_sustainability,1,0.0,0.0,0.058824,0.0,True
original_hypergraph,grade>=1,fact_type,material_design,1,0.0,0.0,0.111111,0.0,True
original_hypergraph,grade>=1,fact_type,mechanism,3,0.666667,0.666667,0.666667,0.135175,True
original_hypergraph,grade>=1,fact_type,membrane_mechanical_fatigue,1,0.0,0.0,0.0,0.0,True
original_hypergraph,grade>=1,fact_type,model_uncertainty,1,0.0,0.0,0.111111,0.0,True
original_hypergraph,grade>=1,fact_type,modeling_diagnostics,3,1.0,1.0,1.0,0.290359,True
original_hypergraph,grade>=1,fact_type,operando_control,1,0.0,0.0,0.083333,0.0,True
original_hypergraph,grade>=1,fact_type,operando_diagnostics,1,0.0,1.0,0.5,0.388598,True
original_hypergraph,grade>=1,fact_type,operating_conditions,9,0.444444,0.666667,0.553752,0.171421,True
original_hypergraph,grade>=1,fact_type,performance_comparison,9,0.333333,0.555556,0.392593,0.177315,True
original_hypergraph,grade>=1,fact_type,performance_metrics,11,0.636364,0.909091,0.723416,0.350544,True
original_hypergraph,grade>=1,fact_type,system_architecture,2,0.0,0.5,0.1,0.012294,True
original_hypergraph,grade>=2,fact_type,balance_of_plant_durability,1,0.0,0.0,0.0,0.0,True
original_hypergraph,grade>=2,fact_type,catalyst_recycling,1,0.0,0.0,0.0,0.0,True
original_hypergraph,grade>=2,fact_type,contamination_failure,1,0.0,0.0,0.0,0.5,True
original_hypergraph,grade>=2,fact_type,cycling_stability,7,0.142857,0.571429,0.291737,0.161806,True
original_hypergraph,grade>=2,fact_type,electrolyte_recycling,1,0.0,0.0,0.0,0.0,True
original_hypergraph,grade>=2,fact_type,environmental_robustness,1,0.0,0.0,0.0,0.0,True
original_hypergraph,grade>=2,fact_type,environmental_safety,1,0.0,0.0,0.0,0.0,True
original_hypergraph,grade>=2,fact_type,hydraulic_fault_effect,1,0.0,0.0,0.0,0.0,True
original_hypergraph,grade>=2,fact_type,life_cycle_assessment,1,0.0,0.0,0.0,0.0,True
original_hypergraph,grade>=2,fact_type,manufacturing_sustainability,1,0.0,0.0,0.0,0.0,True
original_hypergraph,grade>=2,fact_type,material_design,1,0.0,0.0,0.090909,0.0,True
original_hypergraph,grade>=2,fact_type,mechanism,3,0.333333,0.333333,0.333333,0.135175,True
original_hypergraph,grade>=2,fact_type,membrane_mechanical_fatigue,1,0.0,0.0,0.0,0.0,True
original_hypergraph,grade>=2,fact_type,model_uncertainty,1,0.0,0.0,0.0,0.0,True
original_hypergraph,grade>=2,fact_type,modeling_diagnostics,3,0.666667,0.666667,0.7,0.290359,True
original_hypergraph,grade>=2,fact_type,operando_control,1,0.0,0.0,0.0,0.0,True
original_hypergraph,grade>=2,fact_type,operando_diagnostics,1,0.0,1.0,0.25,0.388598,True
original_hypergraph,grade>=2,fact_type,operating_conditions,9,0.111111,0.666667,0.28254,0.171421,True
original_hypergraph,grade>=2,fact_type,performance_comparison,9,0.222222,0.444444,0.296296,0.177315,True
original_hypergraph,grade>=2,fact_type,performance_metrics,11,0.363636,0.909091,0.521212,0.350544,True
original_hypergraph,grade>=2,fact_type,system_architecture,2,0.0,0.0,0.0,0.012294,True
original_hypergraph,grade>=3,fact_type,balance_of_plant_durability,1,0.0,0.0,0.0,0.0,True
original_hypergraph,grade>=3,fact_type,catalyst_recycling,1,0.0,0.0,0.0,0.0,True
original_hypergraph,grade>=3,fact_type,contamination_failure,1,0.0,0.0,0.0,0.5,True
original_hypergraph,grade>=3,fact_type,cycling_stability,7,0.142857,0.571429,0.291737,0.161806,True
original_hypergraph,grade>=3,fact_type,electrolyte_recycling,1,0.0,0.0,0.0,0.0,True
original_hypergraph,grade>=3,fact_type,environmental_robustness,1,0.0,0.0,0.0,0.0,True
original_hypergraph,grade>=3,fact_type,environmental_safety,1,0.0,0.0,0.0,0.0,True
original_hypergraph,grade>=3,fact_type,hydraulic_fault_effect,1,0.0,0.0,0.0,0.0,True
original_hypergraph,grade>=3,fact_type,life_cycle_assessment,1,0.0,0.0,0.0,0.0,True
original_hypergraph,grade>=3,fact_type,manufacturing_sustainability,1,0.0,0.0,0.0,0.0,True
original_hypergraph,grade>=3,fact_type,material_design,1,0.0,0.0,0.0,0.0,True
original_hypergraph,grade>=3,fact_type,mechanism,3,0.0,0.333333,0.111111,0.135175,True
original_hypergraph,grade>=3,fact_type,membrane_mechanical_fatigue,1,0.0,0.0,0.0,0.0,True
original_hypergraph,grade>=3,fact_type,model_uncertainty,1,0.0,0.0,0.0,0.0,True
original_hypergraph,grade>=3,fact_type,modeling_diagnostics,3,0.333333,0.333333,0.388889,0.290359,True
original_hypergraph,grade>=3,fact_type,operando_control,1,0.0,0.0,0.0,0.0,True
original_hypergraph,grade>=3,fact_type,operando_diagnostics,1,0.0,0.0,0.0,0.388598,True
original_hypergraph,grade>=3,fact_type,operating_conditions,9,0.111111,0.444444,0.241298,0.171421,True
original_hypergraph,grade>=3,fact_type,performance_comparison,9,0.222222,0.333333,0.259259,0.177315,True
original_hypergraph,grade>=3,fact_type,performance_metrics,11,0.272727,0.727273,0.408081,0.350544,True
original_hypergraph,grade>=3,fact_type,system_architecture,2,0.0,0.0,0.0,0.012294,True
chem_prompt_graph,grade>=1,arity_bucket,high_order_arity_3_4,11,0.545455,0.818182,0.657815,0.397358,True
chem_prompt_graph,grade>=1,arity_bucket,high_order_arity_5_plus,34,0.676471,0.882353,0.771639,0.358788,True
chem_prompt_graph,grade>=1,arity_bucket,unknown,13,0.076923,0.230769,0.164288,0.118467,True
chem_prompt_graph,grade>=2,arity_bucket,high_order_arity_3_4,11,0.454545,0.818182,0.597209,0.397358,True
chem_prompt_graph,grade>=2,arity_bucket,high_order_arity_5_plus,34,0.323529,0.794118,0.504719,0.358788,True
chem_prompt_graph,grade>=2,arity_bucket,unknown,13,0.0,0.0,0.0,0.118467,True
chem_prompt_graph,grade>=3,arity_bucket,high_order_arity_3_4,11,0.454545,0.727273,0.577007,0.397358,True
chem_prompt_graph,grade>=3,arity_bucket,high_order_arity_5_plus,34,0.176471,0.676471,0.381634,0.358788,True
chem_prompt_graph,grade>=3,arity_bucket,unknown,13,0.0,0.0,0.0,0.118467,True
chem_prompt_hypergraph,grade>=1,arity_bucket,high_order_arity_3_4,11,0.636364,0.909091,0.74026,0.281612,True
chem_prompt_hypergraph,grade>=1,arity_bucket,high_order_arity_5_plus,34,0.529412,0.676471,0.612542,0.256632,True
chem_prompt_hypergraph,grade>=1,arity_bucket,unknown,13,0.230769,0.230769,0.245807,0.129793,True
chem_prompt_hypergraph,grade>=2,arity_bucket,high_order_arity_3_4,11,0.363636,0.636364,0.465512,0.281612,True
chem_prompt_hypergraph,grade>=2,arity_bucket,high_order_arity_5_plus,34,0.264706,0.558824,0.394335,0.256632,True
chem_prompt_hypergraph,grade>=2,arity_bucket,unknown,13,0.0,0.0,0.0,0.129793,True
chem_prompt_hypergraph,grade>=3,arity_bucket,high_order_arity_3_4,11,0.363636,0.545455,0.448329,0.281612,True
chem_prompt_hypergraph,grade>=3,arity_bucket,high_order_arity_5_plus,34,0.235294,0.470588,0.327338,0.256632,True
chem_prompt_hypergraph,grade>=3,arity_bucket,unknown,13,0.0,0.0,0.0,0.129793,True
normalized_final,grade>=1,arity_bucket,high_order_arity_3_4,11,0.545455,0.818182,0.70101,0.437514,True
normalized_final,grade>=1,arity_bucket,high_order_arity_5_plus,34,0.647059,0.941176,0.770705,0.468336,True
normalized_final,grade>=1,arity_bucket,unknown,13,0.076923,0.307692,0.178571,0.13283,True
normalized_final,grade>=2,arity_bucket,high_order_arity_3_4,11,0.454545,0.727273,0.621465,0.437514,True
normalized_final,grade>=2,arity_bucket,high_order_arity_5_plus,34,0.411765,0.911765,0.597967,0.468336,True
normalized_final,grade>=2,arity_bucket,unknown,13,0.0,0.0,0.0,0.13283,True
normalized_final,grade>=3,arity_bucket,high_order_arity_3_4,11,0.363636,0.727273,0.521465,0.437514,True
normalized_final,grade>=3,arity_bucket,high_order_arity_5_plus,34,0.205882,0.735294,0.448062,0.468336,True
normalized_final,grade>=3,arity_bucket,unknown,13,0.0,0.0,0.0,0.13283,True
normalized_final_no_rerank,grade>=1,arity_bucket,high_order_arity_3_4,11,0.545455,0.818182,0.702273,0.429605,True
normalized_final_no_rerank,grade>=1,arity_bucket,high_order_arity_5_plus,34,0.647059,0.941176,0.771113,0.465691,True
normalized_final_no_rerank,grade>=1,arity_bucket,unknown,13,0.076923,0.307692,0.178571,0.13283,True
normalized_final_no_rerank,grade>=2,arity_bucket,high_order_arity_3_4,11,0.454545,0.727273,0.622727,0.429605,True
normalized_final_no_rerank,grade>=2,arity_bucket,high_order_arity_5_plus,34,0.411765,0.882353,0.597395,0.465691,True
normalized_final_no_rerank,grade>=2,arity_bucket,unknown,13,0.0,0.0,0.0,0.13283,True
normalized_final_no_rerank,grade>=3,arity_bucket,high_order_arity_3_4,11,0.272727,0.727273,0.477273,0.429605,True
normalized_final_no_rerank,grade>=3,arity_bucket,high_order_arity_5_plus,34,0.205882,0.705882,0.44819,0.465691,True
normalized_final_no_rerank,grade>=3,arity_bucket,unknown,13,0.0,0.0,0.0,0.13283,True
original_hypergraph,grade>=1,arity_bucket,high_order_arity_3_4,11,0.272727,0.545455,0.381031,0.102719,True
original_hypergraph,grade>=1,arity_bucket,high_order_arity_5_plus,34,0.5,0.764706,0.587372,0.244075,True
original_hypergraph,grade>=1,arity_bucket,unknown,13,0.0,0.153846,0.083585,0.068354,True
original_hypergraph,grade>=2,arity_bucket,high_order_arity_3_4,11,0.090909,0.363636,0.196257,0.102719,True
original_hypergraph,grade>=2,arity_bucket,high_order_arity_5_plus,34,0.294118,0.676471,0.412268,0.244075,True
original_hypergraph,grade>=2,arity_bucket,unknown,13,0.0,0.076923,0.019231,0.068354,True
original_hypergraph,grade>=3,arity_bucket,high_order_arity_3_4,11,0.090909,0.181818,0.136661,0.102719,True
original_hypergraph,grade>=3,arity_bucket,high_order_arity_5_plus,34,0.205882,0.558824,0.324494,0.244075,True
original_hypergraph,grade>=3,arity_bucket,unknown,13,0.0,0.0,0.0,0.068354,True
