system,threshold,queries,Source-level Hit@5,chunk Hit@5 (same qrel policy),mean unique sources@5,mean source duplicate ratio@5,source_policy,interpretation
chem_prompt_graph,grade>=2,58,0.62069,0.62069,2.896552,0.42069,A query is a source hit when a top-5 retrieved chunk from that source has qrel at or above the threshold.,"chunk-derived source diagnostic; because relevance is currently judged at (query_id, chunk_id), this binary value is expected to equal chunk Hit@5 until source-level qrels are audited."
chem_prompt_graph,grade>=3,58,0.534483,0.534483,2.896552,0.42069,A query is a source hit when a top-5 retrieved chunk from that source has qrel at or above the threshold.,"chunk-derived source diagnostic; because relevance is currently judged at (query_id, chunk_id), this binary value is expected to equal chunk Hit@5 until source-level qrels are audited."
chem_prompt_hypergraph,grade>=2,58,0.448276,0.448276,3.62069,0.275862,A query is a source hit when a top-5 retrieved chunk from that source has qrel at or above the threshold.,"chunk-derived source diagnostic; because relevance is currently judged at (query_id, chunk_id), this binary value is expected to equal chunk Hit@5 until source-level qrels are audited."
chem_prompt_hypergraph,grade>=3,58,0.37931,0.37931,3.62069,0.275862,A query is a source hit when a top-5 retrieved chunk from that source has qrel at or above the threshold.,"chunk-derived source diagnostic; because relevance is currently judged at (query_id, chunk_id), this binary value is expected to equal chunk Hit@5 until source-level qrels are audited."
normalized_final,grade>=2,58,0.672414,0.672414,2.12069,0.575862,A query is a source hit when a top-5 retrieved chunk from that source has qrel at or above the threshold.,"chunk-derived source diagnostic; because relevance is currently judged at (query_id, chunk_id), this binary value is expected to equal chunk Hit@5 until source-level qrels are audited."
normalized_final,grade>=3,58,0.568966,0.568966,2.12069,0.575862,A query is a source hit when a top-5 retrieved chunk from that source has qrel at or above the threshold.,"chunk-derived source diagnostic; because relevance is currently judged at (query_id, chunk_id), this binary value is expected to equal chunk Hit@5 until source-level qrels are audited."
normalized_final_no_rerank,grade>=2,58,0.655172,0.655172,2.103448,0.57931,A query is a source hit when a top-5 retrieved chunk from that source has qrel at or above the threshold.,"chunk-derived source diagnostic; because relevance is currently judged at (query_id, chunk_id), this binary value is expected to equal chunk Hit@5 until source-level qrels are audited."
normalized_final_no_rerank,grade>=3,58,0.551724,0.551724,2.103448,0.57931,A query is a source hit when a top-5 retrieved chunk from that source has qrel at or above the threshold.,"chunk-derived source diagnostic; because relevance is currently judged at (query_id, chunk_id), this binary value is expected to equal chunk Hit@5 until source-level qrels are audited."
original_hypergraph,grade>=2,58,0.482759,0.482759,3.586207,0.282759,A query is a source hit when a top-5 retrieved chunk from that source has qrel at or above the threshold.,"chunk-derived source diagnostic; because relevance is currently judged at (query_id, chunk_id), this binary value is expected to equal chunk Hit@5 until source-level qrels are audited."
original_hypergraph,grade>=3,58,0.362069,0.362069,3.586207,0.282759,A query is a source hit when a top-5 retrieved chunk from that source has qrel at or above the threshold.,"chunk-derived source diagnostic; because relevance is currently judged at (query_id, chunk_id), this binary value is expected to equal chunk Hit@5 until source-level qrels are audited."
